,titles,comments
0,Market Failure Visualized,"This post has been marked nsfw for apparent reasons.  It is recommended that next time you create an overbearing post with implications similar to that of a visual laxative, you will have the common decency to mark it nsfw yourself."
1,"Ð˜Ð½Ñ€ÐµÑÐµÐ½ Ð²ÑŠÐ¿Ñ€Ð¾Ñ Ð²ÐºÐ»ÑŽÑ‡Ð²Ð°Ñ‰ ÐµÐ´Ð¸Ð½ Ð°Ñ€Ð¼ÐµÐ½ÐµÑ†, ÐµÐ´Ð¸Ð½ Ð±ÑŠÐ»Ð³Ð°Ñ€Ð¸Ð½ Ð¸ ÐµÐ´Ð¸Ð½ Ð³ÐµÑ€Ð¼Ð°Ð½ÐµÑ† Ð¿Ð¾ Ñ‚ÐµÐ¼Ð°Ñ‚Ð°: ÐšÐ°ÐºÐ²Ð¾ Ð¿ÐµÑ‡ÐµÐ»ÑÑ‚ Ñ„Ð¸Ñ€Ð¼Ð¸Ñ‚Ðµ, Ð¿Ñ€Ð¾Ð¸Ð·Ð²ÐµÐ¶Ð´Ð°Ñ‰Ð¸ ÐºÐ»ÐµÑ‡ÐºÐ¸ Ð·Ð° Ð·ÑŠÐ±Ð¸?",Boo.
2,The Darkside of 13 of History's Favourite People,"Lol at newton compared to the rest. Also FDR was the second president?

Edit anilingus(feces with sex) 

Was this google translated?"
3,"Sorry, America's Military Record Is A Lot Worse Than You Think It Is","before I start, I'm British.

I don't think a great deal of this, it's too political, in many of the wars it mentions there is a clear military victory but the article casts it as a loss because, politically, it wasn't massively beneficial. I would be fine with this if that was the purpose of the article, but the title only concerns itself with with the military aspect of it.

Oh, and it makes a cheap dig at the French military, who have actually had a pretty successful history in warfare. "
4,"Atheists always ask me for ""evidence"" of God, yet the standard model of cosmology today consists of a universe where 74% of the total mass-energy is comprised of a hypothetical substance that has yet to be observed.","While I see the point you are trying to make there is one difference between the two. 

Scientists are still trying to understand the dark matter/energy problem and learn about it. They hope to use that knowledge to improve, modify or completely replace the Standard Model. This constant learning process was how we learned about the ""missing"" mass/energy. 

As a whole cosmology continues to move forward with many various theories and explanations. As far as evidence for the Standard Cosmological model there is there is plenty of it (Microwave background, galactic red-shift, etc...) This might not be able to explain EVERYTHING we observe but it provides sufficient weight to not reject it outright especially since it does give us the ability to predict certain things with accuracy. 

Where has the ""God model"" moved in the past thousands of years? Any closer to the evidence?

Edit: I know this is the religious sub-reddit so I hope my tone of voice did not come out condescending in any way. I read this /r all the time and enjoy reading the intelligent discussions in the comments here. "
5,"Mormons have rigged their UrbanDictionary entry, number 2 on the list. Don't let them hide their hateful actions behind false smiles any longer, down vote it so it reflects the internets true opinion of them!","I'm confused.  Isn't the second definition accurate?  As far as I know ""Mormon"" isn't a particularly slang word."
6,An Israeli television show starring a scantily-clad woman and a monkey puppet has mocked the Crucifixion of Our Lord and Savior Jesus Christ on Easter Sunday.,"If you're getting upset over something this stupid and obscure, you need to get out more."
7,Trust me...,What?
8,NASA Finds New Life.WHHAA!!!!!!!!,"I'll wait for the conference.  Until then, this is Gizmodo's typical shoddy research: I can't find any other source besides the Dutch site they link, which doesn't bode well.  

I reserve the right to eat my words and will gleefully do so if wrong."
9,Dinosaur-Killing Asteroid Could Treat Cancer: Metal Inside Rock Destroys Cancer Cells,First reaction: I bet it does not.
10,Harvard Study: Fluoride Lowers Childrenâ€™s Intelligence By 7 IQ Points,[deleted]
11,Woops! Study Accidentally Finds Chemotherapy Makes Cancer Far Worse,"oh, god, not again. *sigh*
listen, chemo has already been well-known to increase the chance of cancer recurrence above baseline... since it was first used almost 100 years ago. also, many chemo drugs are derived directly from chemicals initially isolated from plants - mass production by chemical synthesis of the same molecules is what drove chemotherapy in the '60s! anyway, the point of chemo is that the recurrence rate is less risky (by far) than the risk of not treating the cancer. this is absolutely nothing new, and if you read the actual paper very superficially (and selectively) written up in the blog post, it acknowledges that. different cancers have different responses to chemo, so there are many, many types of chemo that prevent uncontrolled growth through different biological pathways. the problem is, healthy cells also ALWAYS get some of the nasty effects, particularly rapidly-reproducing cells in the gut and skin (think hair follicles). chemo drugs are, by law, extensively tested for a period often reaching 11 years in order to ensure effectiveness while minimizing (as much as possible) negative side-effects. the process of approval by the FDA for therapy is grueling, particularly for cancer. the authors are merely reporting results of tissue biopsies from men that had been treated for prostate cancer by one particular type of chemotherapeutic drug. there is NO mention of ANY increase in mortality (how could there be? these men were not even followed!), and no increased cancer risk beyond what is already expected. the study merely looked at expression of a certain protein post-treatment and mentioned that is could be the biophysical reason for WHY that particular drug has the post-successful-treatment cancer risk ALREADY KNOWN. whoever wrote this article is clearly making shit up to push their own viewpoint, and apparently hasn't taken a single science course, since IT'S COMMON FUCKING KNOWLEDGE THAT CHEMO CAN CAUSE CANCER. again, it's just a risk-benefit analysis determined by hundreds upon thousands of man-hours spent thoroughly researching every cancer drug that comes on the market. 

the turmeric and cumin (actually curcumin) studies mentioned are simply starting blocks for further research. here's why: the curcumin study tested breast cancer cell response *in vitro* (meaning, in test tubes), which ignores interaction from all the complex biology of living tissue in the human body. it was merely a study, like many others, to determine possible biological anti-cancer mechanisms for a plant-based set of organic compounds. MORE RESEARCH IS REQUIRED, and is being conducted; drug companies have started by improving on known plant sources of antimitotic and apoptotic agents for decades! the turmeric study, on the other hand, involved injecting rats into their interperitoneal cavities (stomach areas) for days with extremely high doses of highly-purified turmeric extract, and then simply determining if there was ANY reduction in a specific type of brain tumor size (glioblastoma). it's not hard to get a good result with those criteria if you're using a compound already known to have some anti-mitotic effects! most importantly, it was given in ADDITION to cisplatin and doxorubicin, which makes this study absolute nonsense, since it was comparing rats taking KNOWN, effective chemo drugs combined with a possible novel one against rats taking NO DRUGS AT ALL. and yet they claim to have found no evidence of toxic effects in the first group of rats... guess that says the established drugs are safe, too, huh ;) just a shitty study that this blog's author obviously found by typing 'turmeric alternative therapies' into PubMed, without actually reading anything in the abstract.

Blog authors like him or her are part of the reason why so many of us are skeptical of homeopathic 'medicine;' you can't have crackpots make inflated claims and write incredibly biased articles promoting things they haven't even bothered to research properly themselves. Seriously, don't believe all you see online (I guess that includes me, but I have no reason to lead you astray)."
12,USA admits adding fluoride to water is damaging teeth and has been a big experiment,"so, let's see if I understand this.  Your source is a random blog with a video from fox news featuring a random dentist who is hawking his own ""homeopathic toothpaste"".

Right.

Oh, by the way, the disease he mentions? ""fluorosis"" is ""yellow teeth""."
13,I'm sick and tired of always defending myself. You know what? I'm a slut and I am proud of it. The haters can go fuck themselves.,"Wow, you must feel really euphoric right now. The bravery level is record-breaking!

Edit: Recognized your username. I'm going to assume you're making this up, because [you have so many wild stories, drama, and submissions](http://www.reddit.com/user/ella1993/submitted/) that it seems like you're just attention whoring at this point."
14,I let my boyfriend titty fuck me for breakfast...,cool story bro
15,My first g-spot orgasm [first rage comic][x-post from r/f7u12],"This could of been broken down into three sentences.  Instead I scrolled through panels upon panels of fapping and ""le"".  Congrats and all, but TL;DR."
16,What is Sexuality,[deleted]
17,What's your opinion of this piece on why slut shaming exist? [I found it in quora],Fuck off
18,Do bisexuals miss men more than women?,Iâ€™m not sure about that. Do you have a source?
19,2 Genders 1 world,posting one opinion on the internet does not make you an authority. But itâ€™s fine if you conceptualize your own gender that way.
20,What wage gap?,whoaa...
21,"Is it supposed to insult Justin Beiber for ""being a girl"" (which is messed up) or make me like Selena Gomez for enjoying basketball too?","Just a stupid joke based on typical gender stereotypes, that is all. Role-reversal kazing."
22,When breastfeeding turns into something else...(nsfw),"I breastfed triplets, and sometimes they grab on to things.  No problem with that- it was the music and the odd editing of the baby's expression that makes it creepy.  "
23,"Guys, Inception kicks the shit out of Cameron's Avatar. Commence the onslaught of downvotes.","Downvoted for 'onslaught of downvotes', especially for a statement that hardly anyone is going to disagree with."
24,Michael Jackson has passed away,"Michael Jackson was a tragically sad individual.

Say what you want, the man was severely abused as a child, and went on to retreat completely into his fantasy world, where he'd never have to grow up or face what happened to him.  His wealth allowed him to surround himself with yes-people who never questioned him, and never encouraged him to seek help.  He alienated the people who truly cared about him, because they reminded him of his hurtful, negative past.

The real tragedy came when he went on to perpetuate the cycle of abuse with other children, whom he did truly, truly love ... but not in an age-appropriate manner.  On another site I saw someone mention that he really saw himself as a child, which is quite true.  MJ wanted so desperately to be a child again, that he fell in love with everything about young children.

I'm not defending pedophilia, I find what he did to be wrong and not at all appropriate ... but the only thing I can find myself feeling about his whole situation is sadness.

He was an extraordinarily talented individual, and it's sad that all of the allegations and atrocities that came out of the 90's will eclipse all of that.  He gave us some industry-changing music, some of the best pop-music of all time.

This whole situation is just really, really awful.
 
""A willow deeply scarred, / 
Somebody's broken heart, / 
And a washed-out dream. / 
They follow the pattern of / 
The wind, you see, / 
Cause they've got no place / 
To be / 
That's why I'm starting with me ...""  
-- ""Man In The Mirror"""
25,"Another Kavanaugh accuser has been referred to law enforcement after admitting the graphic accusations she made to the committee were â€œa ploy,â€ done â€œfor attention,â€ noting sheâ€™s never even met Brett Kavanaugh.","To clarify:

1. Sen. Harris recieves a ""Jane Doe"" letter (addressed to Sen. Grassley)
2. the letter contents and Kavanaugh's response are published in a transcript
3. Ms. Judy Munro-Leighton writes an email to the judiciary committee claiming to be the same Jane Doe that wrote the letter
4. Ms. Judy Munro-Leighton admits that she did not write the Jane Doe letter

I think it's worth noting that this doesn't diminish the Jane Doe letter or its potential for veracity; it just means Ms. Judy Munro-Leighton is not Jane Doe."
26,Judicial Watch Releases Independent Counsel Memo Laying Out Criminal Case against Hillary Clinton in Whitewater Land Scandal,"And who doesn't enjoy a story that reminisces somewhat about the now defunct United States Office of the Independent Counsel?

That was sarcastic, and I wouldn't blame a moderator for removing the comment."
27,A new conservative bloc on the Supreme Court is poised to take a chunk out of MLK's legacy by chipping away at the 3 great laws of the Civil Rights Movement,"""outrages shit is going to happen, probably-maybe, we don't really know"""
28,"Do you want to hear Disney's ""Let It Go"" song in several languages?",Cool'
29,"""Pride""",The context is white hegemony; should look that up. 
30,Totalitarianism In Our Time: Arendt and Trump,"I'd like to take a moment to remind everyone of our first commenting rule:

>*Read the post before you reply.*

>Read the posted content, understand and identify the philosophical arguments given, and respond to these substantively. If you have unrelated thoughts or don't wish to read the content, please post your own thread or simply refrain from commenting. Comments which are clearly not in direct response to the posted content may be removed.

This sub is not in the business of one-liners, tangential anecdotes, or dank memes. Expect comment threads that break our rules to be removed.

-----

I am a bot. Please do not reply to this message, as it will go unread. Instead, [contact the moderators](https://www.reddit.com/message/compose?to=%2Fr%2Fphilosophy&message=Post%20in%20question:%20https%3A//www.reddit.com/r/philosophy/comments/8mtjmc/totalitarianism_in_our_time_arendt_and_trump/) with questions or comments."
31,Having children is not life-affirming: itâ€™s immoral,"I'd like to take a moment to remind everyone of our first commenting rule:

>*Read the post before you reply.*

>Read the posted content, understand and identify the philosophical arguments given, and respond to these substantively. If you have unrelated thoughts or don't wish to read the content, please post your own thread or simply refrain from commenting. Comments which are clearly not in direct response to the posted content may be removed.

This sub is not in the business of one-liners, tangential anecdotes, or dank memes. Expect comment threads that break our rules to be removed.

-----

I am a bot. Please do not reply to this message, as it will go unread. Instead, [contact the moderators](https://www.reddit.com/message/compose?to=%2Fr%2Fphilosophy&message=Post%20in%20question:%20https%3A//www.reddit.com/r/philosophy/comments/8j5te1/having_children_is_not_lifeaffirming_its_immoral/) with questions or comments."
32,"In every Philosophy course I've ever taken, there is one a guy like this who has very strong opinions, but doesn't really understand the subject matter we're discussing","Please think carefully before posting things like this. Does it really have any business being in this subreddit?

Our only moderator has long since abandoned us, leaving /r/philosophy largely ungoverned; which means it is up to the community to do it ourselves, for one another. Because of that, I have neither the power nor the moral ground to tell you what you should and should not be posting here. 

I would, however, ask you to consider what you want this community to be in the future, and then to decide whether links like this really belong here or not. Personally, I would have posted this to /r/pics instead!"
33,"How can someone have both ADHD and autism? -from a neurologist in training (long post, tldr at bottom)","Your understanding of ADHD is very far from how it is approached clinically. A ""short attention span"" is not at all the best way or even a good way to summarize attention deficit symptoms. Much more typical is the challenge to chose between non-salient stimuli to direct and maintain attention toward. In ADHD, it becomes extremely hard to focus on uninteresting tasks.

&#x200B;

>ADHD can actually be objectively diagnosed with continuous performance tests, such as the Test of Variables of Attention and Conners Continuous  Performance Test. 

You're confusing a neuropsychiatric marker with a diagnosis. Almost all psychiatric diagnoses are anchored first in functional impairment or suffering, second in a syndrome describing the clinical presentation, and only third in understanding the causal processes underlying psychiatric disorders to match the patient's impairment with a possible treatment."
34,These recruiters always seem to call at the most inconvenient times,I don't get it?
35,Lockdown advice from the Royal College Of Psychiatrists,"This is fake.

Can I ask where did you find this, and can this be removed please?"
36,5 Million Gmail Usernames and Passwords Leaked,[removed]
37,"How Apple updates slow your old iPhone down, pushing you towards a new iPhone.",[deleted]
38,Dropbox Accesses All The Files in Your PC (Not Just Sync Folder) and Steals Everything,"Dropbox uses a shell extension, shell extension look at every file to see if it should change the icon to a dropbox icon. Thus the file was 'accessed'. This is what we call someone who knows enough to be dangerous and not enough to know what they are clueless about."
39,I hope these journalists are proud of themselves. ,"Having some backstory might be helpful. Showing the press in what appears to be a church with no information behind it leads people to believe that this is what is taking place in Connecticut. If it is, I'd like to know. If not, then this post is only karma whoring for sensationalism. "
40,Obamaâ€™s Security Breach In Libya Is Ignored By American Media,Badly written article and a headline that bears little relation to it. It's amateur hour at the Romney campaign.
41,Ding Dong! The Witch is dead! Breitbart dead of supposed natural causes at age 43,"Who the fuck dies of natural causes at 43?
- Like Ghosted says - dollars to donuts the weasel was snorting more than a hoover - or hitting the oxy"
42,Highest Paid Athletes in the World,"You are missing a huge number European soccer players in your ""world"" list. "
43,"Giants take the Superbowl, 17-14 over Patriots!!!!!!!",Only on reddit.com will this discussion never hit the front page. A lot of nerds really missed out last night.
44,"The real Tim Tebow: anti gay, anti choice, and a very unexceptional QB who owes a great deal to a teammate who is very good at kicking long fieldgoals when Tim can't get near the red zone.","I'm not going to knock this guy for not standing up for the GLBT faction out there. I haven't heard him say anything negative about being homosexual in an interview or in print and although I don't agree with his beliefs at all (or that he's going ot be a good ball player for that matter), and I think he's way too over the top with the religious thing I don't see him directing anything negative to anyone. 

Not everyone has to support everything you agree with. He doesn't support this very important cause, but I still don't think there's value in attacking him for it. "
45,Free video games to enjoy in quarantine here!!! (links in comments),Wow thanks!! Definitely appreciated!
46,Please share some of the interesting activities you plan to do during quarantine.,"Well im planning in juggling, can already juggle with three balls but how about 5???"
47,Volunteers needed: medical masks.,Oh wow!! Thx for putting this message out there! I will definitely tell people i know about this!
48,Cultural appropriation,HAHA. Thats pretty fucking hilarious actually.
49,I don't know where to fit in anymore in this Country,"Welcome to Metacanada.  

There's a reason so many of us are here and growing.  "
50,"LOL, some ""feminist"" he turned out to be","If anybody is curious about all the downvotes, it's because (as is often the case) OGFT used multiple alts to downvote this post initially, which sent it straight to the front pages of /r/all/controversial and /r/all/rising (downvotes count as upvotes for that), and the users who browse these tend to be pro-feminism and pro-Trudeau. This post will drop off those lists when the post is an hour old, and the voting patterns will return to normal.

Edit: I stand corrected, this one made [most controversial in the past 24 hours] (https://www.reddit.com/r/all/controversial/?sort=controversial&t=day), so there's still some downvotes coming."
51,The ðŸ…±ï¸ emoji is now banned.,"can't believe I have to say this, but using any emoji/unicode symbol to replace a letter/sound/word will earn you a ban as well.

EDIT: Hi, knowyourmeme!"
52,Its a relatable meme,"Upvote this comment if its a good meme, Downvote this comment if its a shit tier meme. I am a bot and this action was performed automatically



ok now that the mods are gone GUYS I AM NOT A BOT I AM LOCKED IN A BASEMENT AND BEING FORCED TO COMMENT ON EVERY POST please send help to this addr-"
53,I'm a moderator at /r/GamerGhazi. AMA.,Why do you allow a known doxer who has been shadowbanned multiple times to mod GamerGhazi? I am referring to IrbyTremor aka TheIdesofLight etc. 
54,"Youtube-Musician Jonathan Mann made songs making fun of Gamergate. Lost a third of his abonnements, half of his Patreon, videos now all 50% negative ratings. Now makes a backpedalling song: ""Hey I just made a joke, we have to work together"" - Gets panned in the comments.","There is nothing showing evidence of this. What are the magic words, people? Listen but verify.

- September 29th: 28,392 subscribers

- **October 11th: 28,587 subscribers**

- October 23rd: a song entitled ""If It's Not About Zoe Quinn Stop Talking About Her"" is posted

- October 29th: a song entitled ""â™« It's About Ethics In Journalism!! â™«"" is posted

- November 11th: A song entitled ""We are not Jack Thompson"" is posted

- **November 11th: 30,721 subscribers**

- November 16th: 30,923 subscribers

- November 16th (as of this comment's posting): 30,922 subscribers

  
When did he lose a third of his subscribers? 

[link](https://web.archive.org/web/20140929183707/http://www.youtube.com/channel/UCvj5S3f10rO6CoibatfRGzg)

[link](https://web.archive.org/web/20141011005726/http://www.youtube.com/channel/UCvj5S3f10rO6CoibatfRGzg)

[link](https://web.archive.org/web/20141111083151/https://www.youtube.com/channel/UCvj5S3f10rO6CoibatfRGzg)

[link](https://archive.today/GHzkB)

Literally all your archive.today link shows is... what his Youtube page looks like."
55,"[META] Updates to moderation policy, flairs and self-posts","There's already /r/SJWhate - it's a larger community, I'm not sure why you're building an ""InAction"" network.

There's also /r/subredditcancer, which is reddit-specific - funnily enough this post landed there with the following title:
> KiA cancer mods are banning users for criticizing them; banning SJW related discussion and trying to push their 'vision' on the community when the community has voted multiple times in strawpolls for the opposite of what they [the mods] want. Cancer really is lurking in many places in seems.

As the leaders of GamerGate you may be letting the power get to you."
56,"These are from Twitter but In honor of Pride month, here are some fun truly revealing examples of how males(trans women) feel about lesbians.","Um what? So now being gay is transphobic if it's the sort of gay that doesnt include your particular genitals. 

We have to stop policing what people are attracted to. Ridiculous."
57,"if you want to get pissed off, watch this film. in another words: pussypass is now socially acceptable.","You guys serious? Fucking watch it first before you take out your pitchforks. It's about how a psychotic woman can seem so innocent to everyone. Makes people think twice about how ""innocent"" sweet attractive women are. "
58,Sex As Currency,r/badfaketexts
59,SIX MILLION JEWS 1915-1938 HD,"Wait, didn't we just have the anniversary of FDR interning the Japanese?"
60,"Woman resisting arrest kicks a cop, gets faceplanted","I agree the cop may have gone a bit overboard throwing a handcuffed girl to the floor, but I'm glad he didn't let that kick go."
61,Retraction of the doxxing and firing.,"Yeah, I don't believe this for a fucking second"
62,"Either we come together as a community, or we might as just shut this sub down.","Or post what you feel like and let the community decide what should be up voted. Kowtowing to the dick head blowhards in charge of this site accomplishes nothing. Let them ban it, just like they did to fph, and eventually people will realize that there are better, more open places to go. "
63,Emma Watson's blatant feminist hypocrisy,"These kinds of posts are the reason people don't take this subreddit seriously. She didn't slander men in any way. She answered a question for a gossip magazine, man. How about you listen to the speech and what she says? Her speech actually highlights that not all feminists are rabid SJWs, and that there are injustices out there we should be fighting - together.

This post is just fucking embarassing."
64,On the shadow-banning of Paul Elam and Dean Esmay,"I don't know who you are, John, but I dislike you for starting your message with this line:

> Dear feminists, and by feminists, I mean most of you sorry cretins who inhabit r/mensrights.

First impressions, John. My first impression of you is vitriol. "
65,Feminist Walk (from 4chan),Let's keep this sub for discussion. perhaps we should have the memes and comics on another subreddit.
66,Non Social Media Posts and You!,Please feel free to post them to r/bptmeta
67,Clown movements,One week later and white people are still replying to this post. Shut the fuck up. Damn
68,"Oh, the scenery.","Bitch, could you wait at least a week before posting this shit for the tenth muthafuckin' time?"
69,Young Men Perfectly Happy Being Useless Perpetual Children,"Reminder that this sub is **FEMALE ONLY**. All comments from men will be removed and you will be banned. So if youâ€™ve got an XY, donâ€™t reply. **DO NOT REPLY TO MALE TROLLS!!** Please **DOWNVOTE** and **REPORT** immediately. 


*I am a bot, and this action was performed automatically. Please [contact the moderators of this subreddit](/message/compose/?to=/r/FemaleDatingStrategy) if you have any questions or concerns.*"
70,"FDS works, my mother has been doing it my entire life.","> they are openly and actively affectionate (itâ€™s gross)

lol my parents are the same. My dad made a huge picture book with love letters for my mom when they started dating and to this day they still keep their love strong. I'm happy for them and they're a big influence for my views on relationships."
71,"Why is it so HORRIBLE to like attractive, dominant men?","Reminder that this sub is **FEMALE ONLY**. All comments from men will be removed and you will be banned. So if youâ€™ve got an XY, donâ€™t reply. **DO NOT REPLY TO MALE TROLLS!!** Please **DOWNVOTE** and **REPORT** immediately. 


*I am a bot, and this action was performed automatically. Please [contact the moderators of this subreddit](/message/compose/?to=/r/FemaleDatingStrategy) if you have any questions or concerns.*"
72,"what would you want to say, explain to, or ask your child who was never born (if anything)?",This is a difficult one for me. I aborted 2.
73,The Spiritual Meaning of Abortion...this article helped me so much ðŸ’œ,"Welcome to /r/abortion!  We work hard to keep this a supportive community.  

**Our Sidebar and [Wiki](https://www.reddit.com/r/abortion/wiki/index)** include links to many good resources. You may also wish to download the **[Euki App](https://womenhelp.org/en/page/1082/euki-app/)** for ios or android phones. 

 **If you are seeking abortion in the USA**, you can find clinics at [I Need An A](https://ineedana.com/) and funding at [The National Network of Abortion Funds](https://abortionfunds.org/need-abortion/).  

**If you are outside of the USA and in a country where abortion is illegal**, [Women on Web](https://www.womenonweb.org/) may be able to help you access the abortion pill. 

The moderators can't stop people from sending you private messages, and there are jerks who are going to send you unwanted messages.  Please go [here](https://www.reddit.com/prefs/blocked) and select ""Only trusted users"" or ""whitelisted"" as your message preference in order to avoid these.


*I am a bot, and this action was performed automatically. Please [contact the moderators of this subreddit](/message/compose/?to=/r/abortion) if you have any questions or concerns.*"
74,Can Men Speak About Abortion?,"I believe that men should talk about abortion all they want. Men are half of the cause of it, they are ""intimately"" involved in the conditions which lead to abortion. And men have the responsibility to care for children etc.

It's not any person's right to tell any one woman what must happen when she becomes pregnant, what rights she may or may not have over her own body, or what she should decide as her own best interests. In this way, all men and all women are equal, except for the pregnant woman who actually gets to make the decision for herself.

Just because you can get pregnant doesn't mean that you hold any extra sway over someone who is.

In practice, I believe that the more men talk about abortion amongst themselves, the better it is for everyone."
75,Itâ€™s not about mental illness: The big lie that always follows mass shootings by white males,"It's a smoke screen, as always. If anyone thought about it longer then a few seconds, it turns out policing mental health would be far more invasive and ""totalitarian"" than the strictest gun control laws. And far less effective as well."
76,Should Gun Owners Have To Buy Liability Insurance?,[deleted]
77,Alexander Hamilton explained at great length precisely what a â€œwell-regulated militiaâ€ was.,"Just curious, Who or what group was the right given too in the 2nd amendment... The people, or the militia?

Also, this is pretty much settled, the supreme court has affirmed the INDIVIDUAL RIGHT to bear arms twice, just like all the other rights in the bill of rights are INDIVIDUAL RIGHTS and not collective... It would be very inconsistent to have a list of 9 individual rights, and 1 collective right, wouldnt you agree?"
78,And so it comes to my door.... (will post updates),"As a vegan and a pharma scientist (who has personally grown the fetus cells in question), I fucking love when the fetus cell thing comes up!  It is my favorite crazy reason to be anti-vax.  What people don't understand is, no one was ever aborting fetuses just to get cells.  They took the cells after the abortion, they they were immortalized, and there's no new stream of abortion cells.  I'm against cervical cancer- should I also refuse to profit from HeLa cells?

Also, at some point about 15 years ago, a part of the catholic church was against vaccines that included these cells and had a short lived campaign about it.


http://www.atcc.org/products/all/CCL-171.aspx"
79,Apple's Privacy myth needs to end,"Beep. Boop. I'm a bot.

It seems some of the URLs that you shared contain trackers.

Try these cleaned URLs instead:
https://www.reuters.com/article/us-apple-fbi-icloud-exclusive/exclusive-apple-dropped-plan-for-encrypting-backups-after-fbi-complained-sources-idUSKBN1ZK1CT
https://www.reddit.com/r/hardware/comments/e5znge/huawei_aims_for_desktop_pc_market_with/f9om1yd

If you'd like me to clean URLs before you post them, you can send me a private message with the URL and I'll reply with a cleaned URL."
80,Firefox about to break privacy for all users,"The shittiest of hot takes.

Not only is this no worse than trusting your own ISP's DNS servers.  HTTPS over DNS means that nobody can see your DNS requests in plain text on the wire now.  That means your ISP or anyone in the same network and even some goverment institutions cannot see what you're browsing.  You can also change who you're getting DNS requests from, cloudflare is just the default.  Or.... just turn it off, it's one checkbox.

The sheer number of ""privacy concerns"" I'm reading today makes me wonder if someones dropping money on disinformation to discourage people from using the service."
81,Say hello to men who hate the NSA but love invading the privacy of women,"I was hoping that was going to be an in-depth discussion of the hypocrisy or selective opinions many of us have towards privacy and piracy, but unfortunately it's just a ""you people are disgusting"" piece.  I don't necessarily disagree with the author but the article really doesn't say anything.

Ironically I've read Reddit posts with far more interesting and effective criticisms of the leak than this."
82,Anyone want to join r/prowork?,Joined just cause of the name. Hate lazy people.
83,There Is No Climate Emergency!,Wow I know some weird stuff is posted here but I was expecting straight up science denial
84,This place is about economics not USA centric politics,Very neutral polling answers. not biased at all.
85,11 signs you are an MRA (And thus not a socialist),Bringing up feminism really weeds out the reactionaries.
86,"A racist killer is acquitted: The self-declared head of a neighborhood watch who stalked, confronted and killed Trayvon Martin is a free man today",It's a good thing every law ever made is correct and just
87,Difference between Nazis and Antifa. Pretty Simple...,Locking due to brigade 
88,"[Capitalists/Right-wingers] Please, do us all a favour and read up.","You joined a sub that is entirely about having the same argument over an over again. 

This post is ridiculous. Even if we ignore the assumption that people arguing for capitalism arenâ€™t well read on the subject, reading four books wonâ€™t magically change the argument in any way.

If you donâ€™t want to engage in the same argument again then just ignore it. 

These arguments never have a clear resolution anyway. Implying that people should accept that the argument has already been resolved in your favour could just as easily be seen as you avoiding the argument in the first place. 

Why should anyone see your post as anything more than trying to win a debate before it starts?"
89,My life as a capitalist..,"Jeff Bezos has about **2 million times** more than your (alleged) yearly income in assets alone, never mind passive income, so according to capitalism you're still **unbelievably lazy and stupid**.

Why have you *chosen* to not be a billionaire?  In fact, according to capitalist logic, you've ""chosen"" to not even be a millionaire, and the implications of your own rhetoric say the same thing.

Several people have been billionaires by the time they were 25.  So why did you *choose* not to be?

Or are you just a deluded, 25-year-old child trying to play make-believe in an economy you have zero control over to feel better about yourself?

You make what you make because people with more money than you feel like allowing it.  No other reason.  That's what capitalism is."
90,How Capitalism Works,"This reads like fan fiction rather than the critical analysis you claimed so many others were incapable of. 

Where I live local grocers coexist in the market with large supermarket chains because they service very different needs. The compelling emotional anecdote you spun seems to omit this reality and paints the scene of a capitalist world where giant monopolies that crush all other enterprise are all that exist.

Arguing against monopolist capitalism is a good premise, but the socialist/communist solution is typically to institute a system of state-run monopolies - which enjoy all the power of a capitalist monopoly with none of the incentive to manage resources efficiently.

A more suitable solution exists in lowering the barriers to entry for new enterprise and conserving anti-trust regulation.  A more competitive market is a better market for the consumer.



"
91,Big facts over here,[removed]
92,Politicians are hacks,Wrong sub for this
93,Bernie Sanders announces 2020 presidential run.,"Awful post. We already have socialism. Corporations living off my tax dollars, paying no tax, Wall St bailouts, etc"
94,Capitalism Is More Likely to Limit Climate Change Than Socialism,"BREAKING NEWS: Bloomberg columnist writes pro capitalism editorial!!!!

ðŸ¤£ðŸ¤£ðŸ¤£ðŸ¤£ðŸ¤£ðŸ¤£ðŸ¤£ðŸ¤£ðŸ¤£ðŸ¤£ðŸ¤£"
95,New Climate Model Suggests Possible 1C Increase by 2030,"Did you post the wrong link? If so, you got 7 upvotes for a bad link. Nice work guys."
96,Ice mass loss (2003â€“2014) for West Antarctic was approximately one order of magnitude smaller than between 1995â€“2003,"The title is a lie from another sockpuppet without a clue - the paper linked is talking about a single glacier, not about West Antarctica.

[In the meantime all the recent papers on the the ice loss from West Antarctica find it is accelerating fast](http://www.sciencemag.org/content/348/6232/327.abstract).
"
97,"It turns out that Stephen Hawkingâ€™s cancelled trip to Israel is not a matter of boycotting the Jewish state, but rather merely a result of his health","[Time to stamp ""misleading news"" on this post.](http://www.thecommentator.com/article/3477/_boycott_all_the_way_as_cambridge_university_retracts_hawking_health_statement)

Edit: Yay."
98,Wave of Violence in Israel and the Palestinian Territories,[The number is up to 778 terror attacks since September 14.](http://www.israelnationalnews.com/News/News.aspx/202514)
99,WikiLeaks outs gay people in Saudi Arabia in â€˜recklessâ€™ mass data dump,How do they get the data on who's gay in the first place? 
100,"Chinese Tourists attaack Swedish Cops, Justice Served! Sweden =/= China.",Since when can chinese people attach chinese cops? Sweden is the same as China on that front.
101,"As a Danish who has lived in both Shanghai and California, i heavily disagree with the concesus of this sub",">As a Danish...

who is [half-Chinese](https://www.reddit.com/r/dotamasterrace/comments/3qz8ab/comparison_between_finals_lop_vs_dota2/cwjmt31/?context=3) from [Singapore](https://www.reddit.com/r/dotamasterrace/comments/45f247/is_riot_losing_control_over_their_departments/czxdkt8/)? "
102,Disadvantages of dating a Chinese girl,Stop dating rainy
103,Well... It's not wrong.,Are you a fuckin commie ?
104,What about a young progressive female president?,Electing someone because of their gender is one of the worst things you could do. Also just because something is progressive does not mean it is a good thing. There have been many progressive ideas that have ended very poorly.
105,"Dearï»¿ America,
The metric system. It makes sense. Use it.
-Sincerely, the rest of the world.","Dear rest of the world, Freedom. It makes sense. Use it. - Sincerely, 'Murica"
106,Mr. Presidente,"> Durante el siglo XIX los gobiernos liberales dictaron leyes que favorecieron el despojo de tierras de las comunidades indÃ­genas. MÃ¡s tarde, Porfirio DÃ­az promulgÃ³ nuevas leyes para colonizar terrenos desocupados pero aprovechÃ³ para engaÃ±ar a los campesinos y quitarles sus dotaciones de agua y sus mejores tierras. Los abusos que se cometieron ocasionaron constantes rebeliones. Por ejemplo la de los indÃ­genas yaquis de Sonora, que eran excelentes agricultores y pastores, y que se levantaron en armas en defensa de sus tierras; lucharon por muchos aÃ±os pero resultaron vencidos por el ejÃ©rcito y, en castigo, familias enteras fueron enviadas a YucatÃ¡n, a los campos de trabajos forzados, donde la mayorÃ­a muriÃ³ a causa del maltrato, el clima y la labor extenuante."
107,SEÃ‘ORES EL CAMPEÃ“N ES TAPATÃO!!!!,ah oc chido toma tu laik
108,"Ayudame, MÃ©xico!","Y se puede saber por quÃ© te quieren matar los ""pinches gringos""?"
109,My dry cleaner didn't come from a monkey,This post belongs in r/atheism. Please keep the ID/religious crap out of this subreddit.
110,"Bill Nye, Creationism is Highly Appropriate for our Children
      - YouTube","I find it amusing how Dr. Georgia Purdom believes that we can't trust how scientists interpret the past because it has mankind's biases in the interpretations, yet she believes wholeheartedly that the Bible is lacking said biases."
111,"Europe was the birthplace of mankind, not Africa, scientists find","That's one hell of a bold title. [Does this one outlier change my view of the relationship between X & Y?](http://i.imgur.com/PfNQjP8.jpg) Nope. It would make me concerned that some type of error led to that particular datum and/or that it represents a special situation. Either way, I would definitely not conclude that ""the history of human evolution has been rewritten""."
112,"""It's going to be a fun weekend"" Fuck you.  Seriously. ","From what I've gathered from looking at OP's account, he's on the verge of a breakdown, has solely been eating Spam, rice, and eggs, smokes 1 cigarette a week and had to ask Reddit if he should have a foursome. 
What a whiny bitch. 
"
113,No one here is a real drug addict...,wow assuming no one on the drug subreddit is a drug addict except for you is prolly the biggest humblebrag ive ever heard
114,"Man high on synthetic ""marijuana"" decapitates his wife, kills his dogs, cuts off his own hand and gouges one of his eyeballs out",">who has a history of mental illness

Stopped reading there."
115,We've got along ways to go before Dr. King's dream is realised and all races are allowed to take pride in their own culture.,"The colour of one's skin is no reason to be proud of. The idea behind black pride e.g. is, that it's no reason to be ashamed either."
116,Money safer in Man's hands,"Money should be invested where it will do good, regardless of the gender of the person who will manage the money.
"
117,ðŸ¤¡,Found the dick. Itâ€™s OP.
118,It is fucking ridiculous how governments have the power to deny someone of living/working wherever the fuck they want,"> Also I see a lot of people saying that the reason why immigration isn't open is because of welfare, well guess what I don't give a shit about wellfare, I don't care if I have to pay for my own health insurance, social security etc. but why isn't that an option?

Because when you take that job, you may be taking away a job of someone who lives there. Because when you rent that apartment, you're increasing demand and thus the rent for everyone who lives there. One person's decisions/impact might seem insignificant, and maybe you're joining a shortage industry, but for popular immigration destinations it can cause very negative social effects.

> I'm sorry if I'm a bit too salty, been thinking about this a lot recently and just had to get it off me.

I suggest you invest your energy in more productive pursuits."
119,Petition to remove country caps and clear 150+ year green card backlogs,"Isn't it kind of a misnomer to call it the 'Fairness for High Skilled Immigrants Act' when the current system or the act being proposed isn't fair at all in that some countries get way more visas than others even controlling for population.

I think it's perfectly reasonable to set immigration limits."
120,"What is unfair about S386 / HR1044 bills - ""Fairness for High-skilled Immigrants Act""","Fair or unfair is a matter of perspective. 

As an indian eb2 applicant this is great. If you're an eb2 applicant not from India or China, this bill makes a ~1-2 year wait for GC become 8-10 years or more, so its natural to oppose. 

Everyone is looking out for  their best interests.

Because this bill doesn't increase the number of green cards and simply moves the waiting period from one group to another, it has opposition from those groups who are disadvantaged by it."
121,"Reddit Admins claim T_D ""fosters environment of...antagonism towards other communities"", yet half of the front page is mocking T_D",[deleted]
122,"Curious Timing? Secret Service Intercepts Possible Bombs Sent to Clintons, Obamas","[Archive.is link](https://archive.is/2020/https://www.zerohedge.com/news/2018-10-24/bomb-discovered-mail-clintons-new-york-home)

[Why this is here.](https://www.reddit.com/r/conspiracy/comments/7dvxxb/new_feature_automod_will_create_sticky_comments/)

*I am a bot, and this action was performed automatically. Please [contact the moderators of this subreddit](/message/compose/?to=/r/conspiracy) if you have any questions or concerns.*"
123,Oh look. Protestors are at the Postmaster Generalâ€™s house demanding mail in voting because they donâ€™t feel safe voting in person because of Covid but they feel safe enough to protest. What a bunch of fucking college educated retards.,"###[Meta] Sticky Comment

[Rule 2](https://www.reddit.com/r/conspiracy/wiki/faq#wiki_2_-_address_the_argument.3B_not_the_user.2C_the_mods.2C_or_the_sub.) ***does not apply*** when replying to this stickied comment.  

[Rule 2](https://www.reddit.com/r/conspiracy/wiki/faq#wiki_2_-_address_the_argument.3B_not_the_user.2C_the_mods.2C_or_the_sub.) ***does apply*** throughout the rest of this thread.

*What this means*: Please keep any ""meta"" discussion directed at specific users, mods, or /r/conspiracy in general in this comment chain ***only.***

*I am a bot, and this action was performed automatically. Please [contact the moderators of this subreddit](/message/compose/?to=/r/conspiracy) if you have any questions or concerns.*"
124,So I asked for my pet food order to be delivered by a man in a penguin suit...,"when you try to fake these, try wearing shoes to make it look like you have actually been outside."
125,"After explaining Reddit to my girlfriend, she said ""So basically this?""",No she didn't.
126,Casting rumor for the upcoming She Hulk movie ,Fuck you.  [I made this image.](http://i.imgur.com/5TSgMkc.jpg)
127,Ever feel like the people who tell you to lose weight are the same people who would tell you it's your fault if you got raped?,"Nope, not at all. Quite the leap you're making. "
128,Breeder Trolls who ambivalent about kids and then purposefully had them: What are the positives of having kids? (more in comments),"ughhhh I hate that term ""breeders.""  It's horrible.

I've had an overall positive experience with my kid.  I'll share!  

**Pregnancy**

Keep in mind that pregnancy varies widely.  Everyone's body is very different.  Since you're looking for positive arguments, I'll just give you the pros of my pregnancy (there were cons too).  Around the second trimester, I felt happy.  I mean, I had bad days and I was more emotional than usual, but I felt happier than I'd felt in a long time.  The hormones did some good stuff for me.  I hardly gained any weight, so I ended up being a thin pregnant lady with a baby bump and I got a lot of compliments.  No stretch marks, no saggy boobs, and my feet somehow became half a size smaller.  And we got to have a big party with our friends and family (aka the baby shower).  We invited men and women and had delicious food, cake, and a keg.  Fun times.

**Giving Birth**

I had a high risk birth and it certainly wasn't pleasant.  The positives though.  Hmmm.  My epidural rocked.  The actual pushing took less than an hour.  I did not feel myself tear or the doctor stitch me up.  Doing skin-to-skin after was aaammmaaazzzinnggggg.  Ugh, just thinking about it makes me want to go get my son out of bed to cuddle.

OH and vaginal tightness generally returns to normal after the first kid.  (I think maybe after the second one too?  Not sure.)

**Breastfeeding**

You don't have to breastfeed, but there are benefits.  It reduces your risk for breast cancer.  It's a good way of bonding.  It's super healthy for the kid.  It's readily available, so there's no warming up bottles at 2 AM.  And when you nurse, your body releases oxytocin!  It's magical!  I LOVE breastfeeding.  It was difficult and a little painful at first, and you can get mastitis which sucks, but overall I have enjoyed it sooo much.  And still no saggy boobs!  (Be warned that whether you breastfeed or use formula, someone WILL give you shit for your choice.)  

**Being a Parent**

There really isn't anything like it in the world.  When people say you don't know true love until you have a kid, they're wrong.  You can know true love with your partner.  You can feel it with your family members and even very close friends.  But love for your child is a different type of love completely (like love for your partner is way different than love for your parents).  It's intense.  It's instinctual and animalistic at first, but as you get to know your kid, you begin to love him or her for more than just being a combination of yours and your partner's genes.  You begin to love their little personality.  You will love to watch him or her grow.  To hit milestones.  To learn language.  To exhibit behaviors that you once exhibited.  Your little one will become his or her own person, and you will love that person.  

You get to relive the good parts of your childhood.  Loved Halloween as a kid?  You get to do it all over again as a parent.  Loved trips to the children's section of the library?  You get to do it again.  Loved learning woodworking/knitting/crafts from your parents?  Now you get to teach it!

My son will be two next month, and while I have best friends, and my husband is my very best friend, my son is my best friend too.  I love taking him with me to run errands.  I love taking him to the library or the park or wherever.  I love taking him out to lunch and sharing dessert after.  I just love his company.  I love to hear him laugh.  I love hearing the excitement in his voice when he talks about the things he loves--namely trucks, trains, Care Bears, and nursing.  I love watching his curiosity.  I loved watching him take his first bite of pizza.  I love when he runs up to me just to give me a hug.  I love when he brings me my slippers and phone in the morning (because he's just a sweetheart like that).  I love when he tells me that he is currently wearing two brown shoes.  I just fucking love that little boy.

I don't really care for most other kids.  I don't hate them--they're just innocent little people with little awareness, how could I hate them?  But I don't *care* for them or want to be around them.  But I love being around my son.  He is beautiful and smart and funny and amazing.  And you will feel the same way about your own kid.

Don't get me wrong--I don't think anyone should have kids unless they want to.  It's obviously a lifelong commitment.  But if you do end up deciding you want one, things will be hard and you will want to scream sometimes, but you will fucking enjoy it.

"
129,Trolls...do any of you practice chakra balancing/meditation/etc?,"I have zero idea what the image you posted means, but I meditate daily and contribute it to my low stress levels. I work in a start-up right now, pulling 10 hour days on the regular with minimal to no breaks â€” so long story short, my mental sanity is valuable. Meditation helps me turn off the thousands of thoughts bouncing around for 15 minutes a day, sometimes before bed or right when I wake up. I don't listen to any of the ""woo-woo"" side of it all, because there's a lot of it out there, but meditation itself can do wonders. "
130,From the /r/4chan mods: an official apology for ruining your vidya game.,">have to have a son in FO4

>means I can't play as pure maiden loli

What a garbage game. Dropped. Thanks for saving me $60 and several hours of gameplay. "
131,50 Priceless Images From 4Chan (x-post r/ImGoingToHellForThis),And this is why 4chan despises Reddit. 
132,"LoOk, I cAn 4cHaN!",I thought this meme died in 2017
133,"In the spirit of solidarity I present, Jesus of Nazareth","Is this really what /r/atheism is now? I mean, I see people defending this as a ""Fuck you"" to people who kill over a religion, but this is just . . . rape. It's a painting of rape. I'm not offended, it's just in bad taste. I just don't get it, I guess.

**edit:** I've gotten a few comments that are under the impression that I want this picture taken down. This is not what I'm talking about. 

When I first came to /r/atheism years ago, I was happy I found solidarity and a comfortable spot where I could talk with nonreligious people, having dropped my Christian faith while still residing in a conservative area. But over the years, this sub has become downright hostile. You can disagree with religious views; I do too. You can post whatever you want, including a picture of Jesus getting raped. But if this sub is to be a representative (it is, after all, touted to be the largest atheist forum) of atheism, then it should held to higher standard where we champion rational thought and free thinking, not hostility towards others. In light of recent events such as the Paris shooting, I totally get people are angry with religious followers. I get that. But this was something that was voted to the front page of Reddit, and it makes /r/atheism look bad. 

**edit #2:** You guys convinced me; I'm unsubscribing to this sub (yeah, I know, boo-freaking-hoo). If I sound like I'm being butthurt by a picture, it's more than that. It's the attitude I've gotten here time and time again. I got constant comments like ""If you don't like it, THEN JUST LEAVE!"" And you know what? They're absolutely right. I hope subscribers on here realize how they appear to religious users who may lurk here or see the pages that get upvoted to the front page. I feel like /r/atheism subscribers don't give a shit, but they really should. If we are to convince Christians, Muslims, Mormons, etc. that skepticism and critical thinking are better methods to reach ethical choices and scientific progress, then let's act that way. Today was a good example of the disappointment I've been getting here constantly."
134,I'm going to get downvoted into oblivion.,"Seriously? The concept of ""god"" is completely vague. I've never met two people who defined it the same way. I'm well aware that here are a multitude of different ways in which ""god"" can be characterized. This is one of the main reasons that I can't bring myself to believe in the existence of any gods. If everyone is talking about the same thing and describing it differently, than that thing is probably an invention of pure imagination."
135,[POLICY] Setting a Positive Direction for the Atheist Community in the 21st Century,">Stop. Think. Atheism.

Jesus Christ."
136,[META] Leave your opinions at the door.,"You're being ridiculous. Talking about the subject of the thread is WHY THIS SUB EXIST. The rule about not participating and being observers is in relation to the linked thread as in don't invade/downvote. In the comments in our own subreddit we're allowed to have any an all opinions so long as they don't include slurs or hate speech. 

What does your utopian srd look like. If we have no opinion about the drama (your words were leave it at the door) what goes in the thread. ""OH wow people are stupid on reddit"" ""popcorn gif"" ""I laughed at that""
It is a place to discuss drama! the tagline is *""The place where people can come and post, or talk about about abusive moderators, internet fights and other dramatic happenings from other subreddits.""*  You've walked into a sportsbar and are telling people that they're not allowed to talk about the football game on the TV. I've seen a lot of idiocy linked from reddit in SRD but I think this is the most I've seen within SRD. 

**I'm just going to choose to believe that you're a troll because I can't fathom someone saying something so idiotic earnestly.**  "
137,SRS Megathread,SRS mods take over /r/AntiAtheismPlus and basically nuke the sub by [threatening to ban anyone who posts there](http://np.reddit.com/r/AntiAtheismPlus/comments/1fjnuj/new_rule_shitlords_anyone_who_posts_in/).
138,[Meta] Stop it SRD. Seriously stop it.,"I really like how AlyoshaV has a bot specifically made because 'wah SRD invades' and then does the exact same damn thing to half the threads posted here

Also, numerous names on the list above, I can already confirm as banned from SRD. Laurelais_Hygiene has been banned here at least 5 times, if I remember a quote from MF correctly"
139,Elon Musk is almost full Alt-Right troll now - Posting thinly-veiled antisemitic remarks on Twitter,"For context this is the exact tweet he was replying to before people go calling musk an alt-righter or Anti-Semite. 

>You're very smart so I want you to think about this for a second. Do you think it's in the interest of powerful people to A: support a free press that exposes their lies, or B: tear it down so their lies are easier to tell? Now ask yourself why the polls would look bad.

[Source](https://twitter.com/elonmusk/status/1000560049389907969)

**EDIT**

Elon's Reply. 

>Pointing out to aspiring journo & Rodin spokesmodel, Josh Top, who thinks public polls are controlled by â€œpowerful peopleâ€ that the media is *owned* by same. Anyone who thought this was anti-Semitic is just revealing their inner bigot. The context is very clear.

Josh Top is who the original tweet was in reply too. 

[Source](https://twitter.com/elonmusk/status/1000951606009974784)"
140,Admitted Hitler supporter Candace Owens did an interview with Mike Pence. Guess we know where he stands too.,"FUCKTHEALTRIGHT USERSâ€”WE NEED YOUR HELP! To maintain this Nazi-free space, the moderator team needs our users to report Nazis and trolls so we can remove them promptly (See Rule 1). If you encounter one and must engage them, please report them first. ADDITIONALLY, there are smart ways to express our disgust for these Nazis and their supporters without violating the siteâ€™s Violent Content Policy. We expect our good-faith users to be smart. The large population of hate-group adherents Reddit cultures is desperately trying to silence their opposition, and one of their tactics is to submit violent content to subs like ours and report this content to the admins. If your content is indistinguishable from theirs, you may face the same consequences they can expect. Thanks, and FUCK THE ALT-RIGHT!

*I am a bot, and this action was performed automatically. Please [contact the moderators of this subreddit](/message/compose/?to=/r/Fuckthealtright) if you have any questions or concerns.*"
141,NEW SUBREDDIT RULE: No Incivility between Left-Leaning Anti-Nazi Allies.,"**The post is being brigaded by bad-faith tankies and anarkidz from /CompleteAnarchy, /Chapowhateveritâ€™scalled, and other asschapped revoluÄ‡ionary-LARPers who are blubbering because we wonâ€™t turn this sub into /fuckliberals and give them something to do on their summer breaks. So comments are locked. Direct rules questions to modmail. Trolling modmail will get you banned.**

I know that some mobile apps donâ€™t display the rules in an easily accessible way, so Iâ€™ll list them here:

**No Alt-Right/Nazis** This sub is a place for all those who oppose the alt-right/Nazis and their associated and supporting groups. Users from the following groups are prohibited from participating here: alt-right/Nazis, far-right, â€œalt-light,â€ â€œidentitarian,â€ white supremacists, white nationalists, incels, MAGA-trolls, and members of any political affiliation whom the moderators of this sub deem to be enablers and supporters of the aforementioned groups.

___



**Shitpost Properly, If At All** Avoid low-effort shitposts, such as overused reaction gifs, bad ""daily struggle"" comics, â€œbanned fromâ€ posts, â€œsearch resultsâ€ posts, and posts directly asking for upvotes. We tend to let the upvotes do the talking, but even if a really bad post hits r/all we will remove it.

___


**Focus on the Alt-Right**
I won't pretend there is a tremendous amount of material to go off on the alt-right, and generally any criticism of the current administration that condones and promotes the alt-right is OK. Off-topic posts will be removed, though. However, content related to the Mueller investigation into criminal activity by the Trump administration as well as related material is allowed at this time.


___



**Absolutely No Brigading**
Do not vote in linked threads. This is considered brigading and can lead to site-wide ban. It's better if you use archive sites or screenshots instead of a direct link. We understand that reddit is administrated rather lopsidedly, but we ask that you remain within the rules.
No Reposts No reposts. Please take a few seconds to make sure your post haven't been posted here previously.


___



**No Reposts** No reposts. Please take a few seconds to make sure your post haven't been posted here previously.


___



**No Bigotry** No bigotry, including racism, sexism, islamophobia, and ableism. Sarcastic use of slurs is not allowed. Sic-quotes containing slurs are allowed. This is bannable offense.


___



**No Useful Idiots, Concern Trolls, or Edgelords.** Alt-right enabling concern trolls and idiots calling for murder can fuck right off. We're not your middle school debate club. Go have some Valuable Discussionâ„¢ with Nazis and tell everyone about how they're so terribly misunderstood and how their voices deserve to be heard somewhere else. This includes ""Whataboutism"".


___



**No Rules Lawyering** Interpretation of the rules is left to moderator discretion.


___



From Redditâ€™s unevenly administered Violent Content policy: **â€œDo not post content that encourages, glorifies, incites, or calls for violence or physical harm against an individual or a group of people...â€** Violent bigots and proponents of genocide are protected classes on this site. Be smart in the ways you express your condemnation, disgust, and mockery for these deplorables.


___



**No Incivility between Left-Leaning Anti-Nazi Allies.** The sub is fuckthealtright. Itâ€™s not fuckliberals, fucksocialists, fuckcommunists, or fuckanarchists. Incivility toward Alt-Right/Nazis is permissible, but follow the guideline: â€œREPORT then RETORT.â€"
142,Men donâ€™t get to decide whatâ€™s female empowerment and whatâ€™s not,"I'm not so sure those *are* the same men. Men are as diverse as women are, and I think you've described two distinct groups of them without much overlap"
143,Keeping cats that are strictly indoors and never get to go outside is animal abuse,"I mean when I had them I tried to take my cats outside before, the leash made them go crazy and they didn't want to even touch the grass. I dunno, as long as you feed them and play with them I don't think it is that bad"
144,American movies are propaganda.,"Or hear me out here. It's because they are making the movie to target Americans. Not sure if you ever watch french, Korean, japanese, or any other style of movie but they also take place in their own countries most of the time. You can relate to it more and it's cheaper to make in house then going to another country to film."
145,Stop mocking mentally challenged people.,"Congratulations /u/Righteous_Democrat, you have made the [OKBR Wall of Fame!](https://www.reddit.com/r/okbuddyretard/wiki/quality)"
146,mom can i/my mom when/etc. types of memes are now banned :))))))),"Shut up about my mom idiot mods. She breastfed me until i was twenty-six, donâ€™t ever talk shit about her again"
147,"Hello r/okbuddyretard I am one of the â€œlibtardsâ€ you have been talking about, you see us liberals are not that bad we just think differently, we think that violent video games ben shapiro and swearing are nasty! And we are dedicated to getting rid of internet thugs and we want you to join our cause!",Nono No guys donâ€™t listen to it itâ€™s a trap smhh my head stupid NASTY libturds (lollololol like turd)
148,Liberals would rather act like this is what they actually want than accept Trump,"Hello Bernie Bots. Please type out big long diatribes supporting Sander's propaganda. It's much more fun to remove those after you worked so hard on them. Consider it...comment redistribution.

Hugs n Kisses,

The fascist Mods"
149,The Circle of Lies,"Tired of reporting this thread? Debate us on discord instead: https://discord.gg/conservative - This is an automated message that appears when probable report abuse is detected. We've found this can lead to a productive discussion in an environment better suited for that sort of thing.

*I am a bot, and this action was performed automatically. Please [contact the moderators of this subreddit](/message/compose/?to=/r/Conservative) if you have any questions or concerns.*"
150,"The Postal Service conspiracy, debunked","Tired of reporting this thread? Debate us on discord instead: https://discord.gg/conservative - This is an automated message that appears when probable report abuse is detected. We've found this can lead to a productive discussion in an environment better suited for that sort of thing.

*I am a bot, and this action was performed automatically. Please [contact the moderators of this subreddit](/message/compose/?to=/r/Conservative) if you have any questions or concerns.*"
151,"Ron Paul: ""It's amazing that I do so much better than those other candidates that are all electable. They're all in fourth, fifth and sixth place, but they're all electable, but I come in second or third, and all of the sudden people say, 'Oh, he's not electable.' I don't know how that adds up."" ",[deleted]
152,Bernie Sanders Says He Will Vote for Hillary Clinton,"As he has said since May 2015.  He was ALWAYS going to support the Democratic nominee.  

This is not an endorsement.  He's going to the convention and pushing for the revolution."
153,Progressives: Donâ€™t Waste Your Money on a Dysfunctional Dead End Group Called #BlackLivesMatters,What a complete piece of shit article
154,"Elon Musk's promised ventilators never delivered to California hospitals, governor's office says",[deleted]
155,ISIS orders all women and girls in Mosul to undergo Female Genital Mutilation,"http://justpaste.it/fatwa_debunked

This is a hoax"
156,Justin Bieber Arrested for Drag Racing / DUI (Miami),">Police spokesperson Bobby Hernandez says Bieber's entourage blocked traffic at Pine Tree Drive and 26th Street to create a ""drag racing strip,"" so that the pop star would have ample space to speed.

Who the fuck does this kid think he is, Uday Hussein?"
157,Yikes,"It's not insane, it's brilliant."
158,There are no words...,S A T I R E my dude
159,The stupidest analogy I've ever seen.,"This is absolutely hilarious, and if you donâ€™t find it funny Iâ€™m willing to bet itâ€™s because you have a hole in your Sheetrock."
160,"Screw You, Losers! Our Narcissistic, Corrupt, Racist, Anti-Science, Transphobic, Sexist, Classist, Nationalistic, Serial-Lying Adulterer President Didnâ€™t Collude With Russia to Help Win an Already Gerrymandered Election!","**No bigotry, brigading, trolling, advocating violence or being a dick.** It'll get you banned. See the sidebar for the full version of the rules.

Please report rule-breaking comments to the special investigators. 


*I am a bot, and this action was performed automatically. Please [contact the moderators of this subreddit](/message/compose/?to=/r/The_Mueller) if you have any questions or concerns.*"
161,Looking forward to the day Trump opens his door and sees this...,"**No bigotry, brigading, trolling, advocating violence or being a dick.** It'll get you banned. See the sidebar for the full version of the rules.

Please report rule-breaking comments to the special investigators. 


*I am a bot, and this action was performed automatically. Please [contact the moderators of this subreddit](/message/compose/?to=/r/The_Mueller) if you have any questions or concerns.*"
162,It's Mueller time!,"**No bigotry, brigading, trolling, advocating violence or being a dick.** It'll get you banned. See the sidebar for the full version of the rules.

Please report rule-breaking comments to the special investigators. 


*I am a bot, and this action was performed automatically. Please [contact the moderators of this subreddit](/message/compose/?to=/r/The_Mueller) if you have any questions or concerns.*"
163,"""We are not a movement where I can snap my fingers and say to you or to anybody else what you should do, because you won't listen to me. You shouldn't. You'll make these decisions yourself.""","Agreed, I would have voted for whoever ended up being the Democrat's nominee regardless of what Bernie said tbh."
164,"This is the 2008 Obama vs. Hillary Primary Map. Hillary won the south and Obama didn't secure until May. Do not be discouraged, be inspired! We have to fight harder!",Obama won the South in 2008. Obama's states are purple on this map.
165,The Phoenix rally is packed!,Make sure to get a pic of all the Trump protestors outside
166,"Yeah, it's not like you guys are fixated on a few women you like to harass and shit-talk. I mean, not one name comes to mind...","Anita Sarkeesian? Mattress girl? The girl who claimed she was raped but she was a ""make up artist"" so obviously she was guilty until proving herself innocent by making a demeaning video of her washing her own face? IrbyTremor (Hi 5th_Law, how are all the people who use the word nigger at /r/angryblackladies doing? Oh that's right they don't hate *women*, so no big deal)? Like... Do they need a fucking recap of their entire existence?"
167,"This subreddit is obviously being brigaded right now. Come on guys, that's our job... /s",this is fucking amazing aahahahha reddit nerds are a treat
168,the man who extorted Amanda Todd has finally been caught. Just a reminder that victims of 'virutal bullies' are not virtual. And we can and should hold all bullies responsible.,"When Amanda Todd's story was first in the news, I wasn't even able to talk to most of the people I know about it because so many of them had that ""she got what was coming to her"" attitude.

It was disgusting, really. Sure, she did something stupid, but that doesn't mean she deserved to be stalked, harassed, and bullied for so long."
169,[META] The top post in this sub is basically FPH,"The comments by the guys in the actual post aren't *actually* calling her fat, though. They're just saying they don't want her - just as she was saying she didn't want them. Not pure fat logic, but not FPH quality, either. 

I should say, I haven't actually looked at the comment section on the post, but I'm sure it's not very kind... "
170,Fat privilege is being able to eat when you're unhappy.,"Emotional eating is a common response to stress and trauma especially before you know to look out for it. Addictive behaviors and coping mechanisms can manifest in any number of ways. 

It just doesn't make sense to say someone's life isn't hard because other people live in completely different circumstances."
171,Balance... Found at a local bakery.,"Yeah, humour is a horrible thing..."
172,"If this is such a nothingburger, why panic?","""Looks like the democrats got caught fucking the dog again. Better go brigade the shit out of /r/shitpoliticssays."" "
173,r/hillaryclinton before election â€œI've definitely fantasized about doing even worse things to Trump voters (including stuff that would probably land me in a war crimes tribunal).â€,"Jesus Christ people, and you still wonder why you lost the election."
174,"""People thought Bush was the exception...and [wanted to] start electing ""normal"" presidents again... like Obama. With Trump, there's a feeling that ultra-right-wing, white supremacist, dumb conservative presidents have become the norm."" Top Comment (Score Hidden). Foreign flair","Obama was normal because he said Um 13,000 times any time he was live. Also the media never talked about him and we had almost no idea what he was up to. That's how I like my presidents. Completely Shady and stuttering."
175,"Redditor asks if pedos are accepted in ""safe space"" /r/lgbt, instantly banned and posts removed. Mod tries to justify it by saying talking about pedophilia is prohibited.",[/r/lgbt](/r/lgbt) is the best thing that ever happened to [/r/worstof](/r/worstof) and [/r/subredditdrama](/r/subredditdrama).
176,"Soldier gets back from Afghanistan, buys a weight room; shares the setup on Fittit.  Someone insults him, insults user congratulation/thanking him, and says his killing for 'fascist America' isn't serving his country.","Oh God, nobody got the ""What the fuck did you just fucking say about me, you little bitch?"" copypasta."
177,"[1800 upvotes] [twice gilded]"" Homosexuality is being marketed to the American public en masse as a trend. I have no problem with people who are homosexual, but I do have a problem with homosexuality being marketed to people in the form of mass advertising campaigns""","Hot new Fall trends!

Female Dusters

Fur lining

Buttsex"
178,Flying Penis picture I found.,I'm just commenting for the karma
179,Why not fill the whole frontpage with flying dicks,Karma please.
180,TIL if you post this you get karma,I'm just commenting for the karma
181,Girl got removed from a Black Ops 2 clan and the leader sent this message to the group chat,Blops 2 is still a thing? 
182,Cleaning lady didn't get paid for 2 weeks. Harassed my friend's wife and kids while he was at work.,"OP, did she send the invoice? "
183,My life choices are now offensive,"FAAAAAAAKKKKKEEEEEE

I love how OP submitted this to four different subs, and TumblrInAction is the only one that gave a shit about it. Fucking Reddit is so easy to bait."
184,How to cope if your mental health is suffering because of the election,"I'd suggest taking some time away from politics. Find something else, go hang out with friends, go on a date with S/O or in general, start workout routines or change them up a bit to challenge yourself."
185,Photos seem to show that the body of drowned migrant Alan was moved for a photo opportunity,"""A policeman on a Turkish beach gently recovers the bodies of two brothers drowned as their family tried to make their way to the Greek island of Kos""

[As captioned in last thursday's Daily Mail](https://twitter.com/suttonnick/status/639188483643469826)"
186,Prince Harry to marry girlfriend Meghan Markle,"Day off work please.       
"
187,One final reunion episode of Blackadder has been confirmed.,"This is almost definitely a fake account.

https://twitter.com/RAtkinson1955

Note the lack of the blue 'verified' tick, and the saying and RT-ing of improbable things. 

EDIT: Also the profile picture used is one easily find-able through google images. "
188,The Duchess of Cambridge has given birth to a girl weighing 8lbs 3oz,"Y'Know, if she'd managed until Thursday, then we'd have some of the most confused news programs in a very long while.

... wonder what that'd've done with the election results."
189,Royal Baby Confirmed as Boy,"Just watching Sky News and they were interviewing some members of the crowd, one guy said ""I thought it was going to be a black baby!""  And the news reporter just moved along quietly. What.."
190,Sucker-Punching Philly Police Officer is Getting Kicked Off the Force,Will be waiting for the union to get him reinstated with backpay when the public outrage dies down.
191,:),"Thank fuck, I was waiting the whole video for him to do something bad, OP why'd you share this here lol"
192,Cop tazes woman voluntarily getting out of vehicle,"Oh stop. She was under arrest and not listening. Maybe a taser didn't need to be used but I guarantee force was needed and she would have been injured more the way she was obviously resisting. When a cop says your under arrest, you're under arrest. "
193,THE MASTERMIND BEHIND THE PROTESTS EXPOSED!( a white dude talking to protesters is apparently proof the CIA behind the protests),[deleted]
194,As a resident of 20 years in HK coming from Germany this is what I think about the Occupy Central movement,[deleted]
195,"serious discussion: what happens to people who wishes to go to work, pay mortgage and enjoying life???","> these are not in the minority. they have stable jobs

Thankyou for describing the majority of the protesters..."
196,Alex Jones was charged with driving while intoxicated just after midnight Tuesday,march 10th 2020
197,Rebecca Watson's Delusion,I always thought skeptics were better than to obsess over celebrity minutiae. TIL how naive I am.
198,"Dear /r/skeptic, why do you allow yourselves to get trolled?",Noted.
199,Libleft bad,"It literally says they **purchased** the land back. 

Imagine someone kicking you out of your own house, keeping it for generations, then selling it back to your great-great-grandkids and acting like that's a win for you."
200,The n-word is now banned on /r/PoliticalCompassMemes,"100,000 Auth-rights used to live here, now it's a ghost town..."
201,Basted and money-pilled,"100% unbiased pcm, great job op."
202,So beautiful â™¥ï¸ðŸ˜­ #stillwithher,Brigadiers are required to post mogg before breaking site wide rules
203,THE THUNDERDOME HAS RETURNED FOR THE JANUARY 14TH DEBATE!!!,Honest question. Why don't Democrats simply blame Bush for lying to them about the pretenses of the Iraq war and fabricating evidence? Because that's what fucking happened.
204,Discussion Thread,Please visit the [next discussion thread](/r/neoliberal/comments/gy7n7m/discussion_thread/).
205,Mods are awake can we get Mista to 444 upvotes,#[MODS ARE WOKE](https://i.imgur.com/JdkAJ4E.png)
206,S U C C,"We're holding a contest to create a custom mascot for the subreddit. [Click here](https://www.reddit.com/r/ShitPostCrusaders/comments/fi4wi7/introducing_the_rshitpostcrusaders_mascot_contest/) for more details.


*I am a bot, and this action was performed automatically. Please [contact the moderators of this subreddit](/message/compose/?to=/r/ShitPostCrusaders) if you have any questions or concerns.*"
207,Donâ€™t criticize my editing. I got it done.,You suck ass
208,CMV: Racism against white people in America doesnt matter.,"What if he/she...

...decides to disown their kid for marrying a white person. 

...doesn't let their kid play with a white kid (no matter how much they are best friends at school).

...is in a position to employ someone and refuses to employ someone because they are white.

...treats a white employee worse than the others

...beats up and relentlessly bullies a kid at school because they are white. 

...decides to kill someone because they are white.

Do these things happen all the time? Or as much as they do the other way? No, and no one argues that. But that doesn't mean that they should get away with it with no consequences. Those are all forms of racism.

Now if you are only speaking of people who only think that way but never act on it... well I don't know how many people exist that wouldn't act on it if they were in a position to. 

But say it is just a person who says offensive things about white people but never acts on it ever. You admit it's rude. But why can't a white person or anyone be offended by that. I'm offended by hate speech. I find it disgusting. It doesn't matter who it's coming from, bigoted speech towards any group based off of things that do not affect you is disgusting. I find Bigoted or hateful speech towards an individual usually disgusting. That depends on the person and the exact speech used.

You don't get to be racist consequence free just because others are and have historically been racist towards you. It's not okay to be a dick to everyone in a group due to one thing they can't change. Judge a person on content of their character, not the color of their skin. That goes both ways."
209,CMV: Pepsi is the inferior soda.,[removed]
210,CMV: Everyone should be liberal.,"/u/typicalspecial (OP) has awarded at least one delta in this post.

All comments that earned deltas (from OP or other users) are listed [**here**](/r/DeltaLog/comments/5pwiro), in /r/DeltaLog.

Please note that a change of view [doesn't necessarily mean a reversal](https://www.reddit.com/r/changemyview/wiki/index#wiki_what_is_a_.27view.27.3F), or that the conversation has ended.

^[DeltaÂ SystemÂ Explained](https://www.reddit.com/r/changemyview/wiki/deltasystem) ^| ^[Deltaboards](https://www.reddit.com/r/changemyview/wiki/deltaboards)"
211,"""Which group of people comes off as the most pretentious?"" ""Black women."" [+25]",tough one to answer but I'm gonna go with redditors.
212,"""Sir or Ma'am you are ugly-shaming and now I am triggered. In the future, please be sure to conform your speech to suit my whim."" [+243]","Hey did you know that if you post a trigger warning YOU DONT NECESSARILY HAVE TO CHANGE YOUR CONTENT BECAUSE THERE'S ALREADY A TRIGGER WARNING AND IF YOUR AUDIENCE DOESN'T CARE THEY CAN KEEP READING AND IF THEY DO CARE THEY CAN CLICK OUT OR KEEP READING IF THEY ARE SO INCLINED :DDDDDDD

Fuck, it's like they just don't pay attention to anything any eeeebil ess jay double you had to say :/"
213,"(on 'whiteface') ""What the fuck that is soo racist. Call the press, call the schools, call their parents cus this shit is racist"" [+29] ""Organize a 'peaceful protest' and burn down the neighborhood. And be sure to steal from local businesses that had nothing to do with it."" [+39]","> Yeah i'm not a white supremacist, but it's kind of hard to ignore the way black people chimp out every time they try to ""peacefully protest"". 

Written by a poster name mohamed-raped-goats

Why do I even post to this site?"
214,"A clear message to the ""I support the second amendment BUT"", Bernie Bros, Yang gang'ers, and filthy communists that are trying to gaslight this sub; We see through your dishonest BS","If you like Chrome, switch to Brave.

Desktop and mobile Brave works 99% the same way, uses the same app store/extensions in case the built in adblocker doesn't work, and you can keep YouTube videos/music/other content playing after locking your phone screen without paying for YT Red."
215,We don't have a gun problem.,[deleted]
216,"""We're going to take your AR-15""",An AR in AK caliber no less! Nice!
217,"Info regarding users getting banned, Posts being deleted, bots and more","I understand where you mods are coming from, and I respect that you guys want to keep this subreddit as legitimate as possible. I just feel like the backlash to this rule is not because people do not understand that, but rather they feel like it is a bit redundant. As soon as there is a leak, anyone who would have gotten a link from here will just as easily find it elsewhere. Though I do not expect to change your guys' mind at all, I completely understand why. I just felt it was important that this point be made. Anyways, here's to hoping that whenever we all do eventually listen to MMLP2, that it will be awesome!"
218,The hard part about being an Eminem fan...,"> I'm obligated to dislike anyone who does hate him.

I hope this is a joke and you don't actually believe this."
219,"Shady, Eminem, Marshall","I'm sorry, but this is too corny for me."
220,Burn The Republican Party To The Ground -- There's no nice way to say this anymore: they must be completely destroyed.,Is this a bot account? Over 3 million karma in less than a year.
221,White Americans are the biggest terror threat in the United States,Titles like these are just as racist as the Neo-Nazi stuff. Why the hell do some ppl think stuff like this is okay? Some dems do stuff like this and they wonder why people vote for Trump...
222,"Mitch McConnell Says He Stood Up for Women in a Senate Sexual-Harassment Scandal: The Real Story is Damning - McConnell claims he led a 1995 investigation against a GOP senator accused of sexual misconduct. Actually, he took steps to keep it quiet.",McConnell looks like a sexual predator. 
223,Did I stumble across a rare pic of Rogan on a triple date?,Now gay rogan is being upvoted.
224,"Right wing grifter guest Pim Tool, doubling down on NYPD confirmed false ""Shake Shack"" poisoning.","1. IDK if this is really Joe Rogan material

2. Tim Pool is a fucking moron

3. It's pretty funny seeing people complaining about 'leftist' in this thread, totally ignoring tim pool being a fucking moron because the story ruined their talking point."
225,"'We will print more money and give it to the unemployed to end poverty in South Africaâ€™, Says new minister of Finance","So I looked this up, and this unknown website + facebook are the only places I see any mention of this... so this is fake news and the fact that everybody else here commented on it with the assumption that it was real is pretty sad, but not surprising"
226,"Trump closes out campaign with inspiring, poignant message of hate for Jews","I'll put it this way.  

If I found out Trump died a horrible death the day after he lost the election by 100,000,000 votes, I would be trying not to laugh. 

I say this because I want you to understand my bias is not for Trump when I say this article is utter horseshit. "
227,"New footage shows it was the Native American group that approached and harassed the Catholic School group, not the other way around",woudln't be the first time a social media flash mob got it wrong....completely
228,Lying liar lying out of his lying hole.,[deleted]
